<?xml version="1.0" encoding="UTF-8" ?>
<!DOCTYPE generatorConfiguration PUBLIC "-//mybatis.org//DTD MyBatis Generator Configuration 1.0//EN" "http://mybatis.org/dtd/mybatis-generator-config_1_0.dtd" >
<generatorConfiguration>
	
  <!-- 针对8.X版本的mysql要用下面这套配置，其中driver要用有cj的，url要用时区，还有nullCatalogMeansCurrent用来防止得不到主键
  <classPathEntry location="D:\\java\\MavenRepository\\repo\\mysql\\mysql-connector-java\\8.0.16\\mysql-connector-java-8.0.16.jar" />
    <jdbcConnection 
	    driverClass="com.mysql.cj.jdbc.Driver" 
	    connectionURL="jdbc:mysql://localhost:3306/boot?useUnicode=true&amp;characterEncoding=utf8&amp;serverTimezone=UTC&amp;nullCatalogMeansCurrent=true" 
	    userId="root" 
	    password="123456" />
   -->
  <context id="SpringBoot_Hotel" >
    <jdbcConnection 
	    driverClass="com.mysql.jdbc.Driver" 
	    connectionURL="jdbc:mysql://localhost:3306/hotel"
	    userId="root" 
	    password="admin" />
    <javaModelGenerator targetPackage="com.hotel.entity" targetProject="SpringBoot_Hotel" />
    <sqlMapGenerator targetPackage="com.hotel.mapper.xml" targetProject="SpringBoot_Hotel" />
    <javaClientGenerator targetPackage="com.hotel.mapper" targetProject="SpringBoot_Hotel" type="XMLMAPPER" />
    <!-- type有三个值：ANNOTATEDMAPPER、MIXEDMAPPER、XMLMAPPER -->
    <!--  数据库　表名　生成名domainObjectName="" -->
   <table schema="hotel" tableName="tab_admin" domainObjectName="Admin" enableCountByExample="true"
			enableUpdateByExample="true" enableDeleteByExample="true"
			enableSelectByExample="true" selectByExampleQueryId="true">
    	<generatedKey column="admin_id" sqlStatement="mysql" identity="true" />  
    </table> 
     <table schema="hotel" tableName="tab_order" domainObjectName="Order" enableCountByExample="true"
			enableUpdateByExample="true" enableDeleteByExample="true"
			enableSelectByExample="true" selectByExampleQueryId="true">
    	<generatedKey column="order_id" sqlStatement="mysql" identity="true" />  
    </table>
    <table schema="hotel" tableName="tab_room" domainObjectName="Room" enableCountByExample="true"
			enableUpdateByExample="true" enableDeleteByExample="true"
			enableSelectByExample="true" selectByExampleQueryId="true">
    	<generatedKey column="room_id" sqlStatement="mysql" identity="true" />  
    </table>
    <table schema="hotel" tableName="tab_type" domainObjectName="Type" enableCountByExample="true"
			enableUpdateByExample="true" enableDeleteByExample="true"
			enableSelectByExample="true" selectByExampleQueryId="true">
    	<generatedKey column="type_id" sqlStatement="mysql" identity="true" />  
    </table>
    <table schema="hotel" tableName="tab_customer" domainObjectName="Customer" enableCountByExample="true"
			enableUpdateByExample="true" enableDeleteByExample="true"
			enableSelectByExample="true" selectByExampleQueryId="true">
    	<generatedKey column="customer_id" sqlStatement="mysql" identity="true" />  
    </table>
    <table schema="hotel" tableName="tab_reception" domainObjectName="Reception" enableCountByExample="true"
			enableUpdateByExample="true" enableDeleteByExample="true"
			enableSelectByExample="true" selectByExampleQueryId="true">
    	<generatedKey column="reception_id" sqlStatement="mysql" identity="true" />  
    </table>
    <table schema="hotel" tableName="tab_stuff" domainObjectName="Stuff" enableCountByExample="true"
			enableUpdateByExample="true" enableDeleteByExample="true"
			enableSelectByExample="true" selectByExampleQueryId="true">
    	<generatedKey column="stuff_id" sqlStatement="mysql" identity="true" />  
    </table>
  </context>
</generatorConfiguration>