<?xml version="1.0" encoding="UTF-8"?>
<!DOCTYPE mapper PUBLIC "-//mybatis.org//DTD Mapper 3.0//EN" "http://mybatis.org/dtd/mybatis-3-mapper.dtd">
<mapper namespace="com.hotel.mapper.AdminMapper">
  <resultMap id="BaseResultMap" type="com.hotel.entity.Admin">
    <!--
      WARNING - @mbg.generated
      This element is automatically generated by MyBatis Generator, do not modify.
      This element was generated on Wed Jul 08 17:23:00 CST 2020.
    -->
    <id column="admin_id" jdbcType="INTEGER" property="adminId" />
    <result column="staff_id" jdbcType="INTEGER" property="staffId" />
    <result column="admin_username" jdbcType="VARCHAR" property="adminUsername" />
    <result column="admin_password" jdbcType="VARCHAR" property="adminPassword" />
  </resultMap>
  <sql id="Example_Where_Clause">
    <!--
      WARNING - @mbg.generated
      This element is automatically generated by MyBatis Generator, do not modify.
      This element was generated on Wed Jul 08 17:23:00 CST 2020.
    -->
    <where>
      <foreach collection="oredCriteria" item="criteria" separator="or">
        <if test="criteria.valid">
          <trim prefix="(" prefixOverrides="and" suffix=")">
            <foreach collection="criteria.criteria" item="criterion">
              <choose>
                <when test="criterion.noValue">
                  and ${criterion.condition}
                </when>
                <when test="criterion.singleValue">
                  and ${criterion.condition} #{criterion.value}
                </when>
                <when test="criterion.betweenValue">
                  and ${criterion.condition} #{criterion.value} and #{criterion.secondValue}
                </when>
                <when test="criterion.listValue">
                  and ${criterion.condition}
                  <foreach close=")" collection="criterion.value" item="listItem" open="(" separator=",">
                    #{listItem}
                  </foreach>
                </when>
              </choose>
            </foreach>
          </trim>
        </if>
      </foreach>
    </where>
  </sql>
  <sql id="Update_By_Example_Where_Clause">
    <!--
      WARNING - @mbg.generated
      This element is automatically generated by MyBatis Generator, do not modify.
      This element was generated on Wed Jul 08 17:23:00 CST 2020.
    -->
    <where>
      <foreach collection="example.oredCriteria" item="criteria" separator="or">
        <if test="criteria.valid">
          <trim prefix="(" prefixOverrides="and" suffix=")">
            <foreach collection="criteria.criteria" item="criterion">
              <choose>
                <when test="criterion.noValue">
                  and ${criterion.condition}
                </when>
                <when test="criterion.singleValue">
                  and ${criterion.condition} #{criterion.value}
                </when>
                <when test="criterion.betweenValue">
                  and ${criterion.condition} #{criterion.value} and #{criterion.secondValue}
                </when>
                <when test="criterion.listValue">
                  and ${criterion.condition}
                  <foreach close=")" collection="criterion.value" item="listItem" open="(" separator=",">
                    #{listItem}
                  </foreach>
                </when>
              </choose>
            </foreach>
          </trim>
        </if>
      </foreach>
    </where>
  </sql>
  <sql id="Base_Column_List">
    <!--
      WARNING - @mbg.generated
      This element is automatically generated by MyBatis Generator, do not modify.
      This element was generated on Wed Jul 08 17:23:00 CST 2020.
    -->
    admin_id, staff_id, admin_username, admin_password
  </sql>
  <select id="selectByExample" parameterType="com.hotel.entity.AdminExample" resultMap="BaseResultMap">
    <!--
      WARNING - @mbg.generated
      This element is automatically generated by MyBatis Generator, do not modify.
      This element was generated on Wed Jul 08 17:23:00 CST 2020.
    -->
    select
    <if test="distinct">
      distinct
    </if>
    'true' as QUERYID,
    <include refid="Base_Column_List" />
    from tab_admin
    <if test="_parameter != null">
      <include refid="Example_Where_Clause" />
    </if>
    <if test="orderByClause != null">
      order by ${orderByClause}
    </if>
  </select>
  <select id="selectByPrimaryKey" parameterType="java.lang.Integer" resultMap="BaseResultMap">
    <!--
      WARNING - @mbg.generated
      This element is automatically generated by MyBatis Generator, do not modify.
      This element was generated on Wed Jul 08 17:23:00 CST 2020.
    -->
    select 
    <include refid="Base_Column_List" />
    from tab_admin
    where admin_id = #{adminId,jdbcType=INTEGER}
  </select>
  <delete id="deleteByPrimaryKey" parameterType="java.lang.Integer">
    <!--
      WARNING - @mbg.generated
      This element is automatically generated by MyBatis Generator, do not modify.
      This element was generated on Wed Jul 08 17:23:00 CST 2020.
    -->
    delete from tab_admin
    where admin_id = #{adminId,jdbcType=INTEGER}
  </delete>
  <delete id="deleteByExample" parameterType="com.hotel.entity.AdminExample">
    <!--
      WARNING - @mbg.generated
      This element is automatically generated by MyBatis Generator, do not modify.
      This element was generated on Wed Jul 08 17:23:00 CST 2020.
    -->
    delete from tab_admin
    <if test="_parameter != null">
      <include refid="Example_Where_Clause" />
    </if>
  </delete>
  <insert id="insert" parameterType="com.hotel.entity.Admin">
    <!--
      WARNING - @mbg.generated
      This element is automatically generated by MyBatis Generator, do not modify.
      This element was generated on Wed Jul 08 17:23:00 CST 2020.
    -->
    <selectKey keyProperty="adminId" order="AFTER" resultType="java.lang.Integer">
      SELECT LAST_INSERT_ID()
    </selectKey>
    insert into tab_admin (staff_id, admin_username, admin_password
      )
    values (#{staffId,jdbcType=INTEGER}, #{adminUsername,jdbcType=VARCHAR}, #{adminPassword,jdbcType=VARCHAR}
      )
  </insert>
  <insert id="insertSelective" parameterType="com.hotel.entity.Admin">
    <!--
      WARNING - @mbg.generated
      This element is automatically generated by MyBatis Generator, do not modify.
      This element was generated on Wed Jul 08 17:23:00 CST 2020.
    -->
    <selectKey keyProperty="adminId" order="AFTER" resultType="java.lang.Integer">
      SELECT LAST_INSERT_ID()
    </selectKey>
    insert into tab_admin
    <trim prefix="(" suffix=")" suffixOverrides=",">
      <if test="staffId != null">
        staff_id,
      </if>
      <if test="adminUsername != null">
        admin_username,
      </if>
      <if test="adminPassword != null">
        admin_password,
      </if>
    </trim>
    <trim prefix="values (" suffix=")" suffixOverrides=",">
      <if test="staffId != null">
        #{staffId,jdbcType=INTEGER},
      </if>
      <if test="adminUsername != null">
        #{adminUsername,jdbcType=VARCHAR},
      </if>
      <if test="adminPassword != null">
        #{adminPassword,jdbcType=VARCHAR},
      </if>
    </trim>
  </insert>
  <select id="countByExample" parameterType="com.hotel.entity.AdminExample" resultType="java.lang.Long">
    <!--
      WARNING - @mbg.generated
      This element is automatically generated by MyBatis Generator, do not modify.
      This element was generated on Wed Jul 08 17:23:00 CST 2020.
    -->
    select count(*) from tab_admin
    <if test="_parameter != null">
      <include refid="Example_Where_Clause" />
    </if>
  </select>
  <update id="updateByExampleSelective" parameterType="map">
    <!--
      WARNING - @mbg.generated
      This element is automatically generated by MyBatis Generator, do not modify.
      This element was generated on Wed Jul 08 17:23:00 CST 2020.
    -->
    update tab_admin
    <set>
      <if test="record.adminId != null">
        admin_id = #{record.adminId,jdbcType=INTEGER},
      </if>
      <if test="record.staffId != null">
        staff_id = #{record.staffId,jdbcType=INTEGER},
      </if>
      <if test="record.adminUsername != null">
        admin_username = #{record.adminUsername,jdbcType=VARCHAR},
      </if>
      <if test="record.adminPassword != null">
        admin_password = #{record.adminPassword,jdbcType=VARCHAR},
      </if>
    </set>
    <if test="_parameter != null">
      <include refid="Update_By_Example_Where_Clause" />
    </if>
  </update>
  <update id="updateByExample" parameterType="map">
    <!--
      WARNING - @mbg.generated
      This element is automatically generated by MyBatis Generator, do not modify.
      This element was generated on Wed Jul 08 17:23:00 CST 2020.
    -->
    update tab_admin
    set admin_id = #{record.adminId,jdbcType=INTEGER},
      staff_id = #{record.staffId,jdbcType=INTEGER},
      admin_username = #{record.adminUsername,jdbcType=VARCHAR},
      admin_password = #{record.adminPassword,jdbcType=VARCHAR}
    <if test="_parameter != null">
      <include refid="Update_By_Example_Where_Clause" />
    </if>
  </update>
  <update id="updateByPrimaryKeySelective" parameterType="com.hotel.entity.Admin">
    <!--
      WARNING - @mbg.generated
      This element is automatically generated by MyBatis Generator, do not modify.
      This element was generated on Wed Jul 08 17:23:00 CST 2020.
    -->
    update tab_admin
    <set>
      <if test="staffId != null">
        staff_id = #{staffId,jdbcType=INTEGER},
      </if>
      <if test="adminUsername != null">
        admin_username = #{adminUsername,jdbcType=VARCHAR},
      </if>
      <if test="adminPassword != null">
        admin_password = #{adminPassword,jdbcType=VARCHAR},
      </if>
    </set>
    where admin_id = #{adminId,jdbcType=INTEGER}
  </update>
  <update id="updateByPrimaryKey" parameterType="com.hotel.entity.Admin">
    <!--
      WARNING - @mbg.generated
      This element is automatically generated by MyBatis Generator, do not modify.
      This element was generated on Wed Jul 08 17:23:00 CST 2020.
    -->
    update tab_admin
    set staff_id = #{staffId,jdbcType=INTEGER},
      admin_username = #{adminUsername,jdbcType=VARCHAR},
      admin_password = #{adminPassword,jdbcType=VARCHAR}
    where admin_id = #{adminId,jdbcType=INTEGER}
  </update>
</mapper>