<?xml version="1.0" encoding="UTF-8"?>
<!DOCTYPE mapper PUBLIC "-//mybatis.org//DTD Mapper 3.0//EN" "http://mybatis.org/dtd/mybatis-3-mapper.dtd">
<mapper namespace="com.hotel.mapper.CustomerMapper">
  <resultMap id="BaseResultMap" type="com.hotel.entity.Customer">
    <!--
      WARNING - @mbg.generated
      This element is automatically generated by MyBatis Generator, do not modify.
      This element was generated on Wed Jul 08 17:01:55 CST 2020.
    -->
    <id column="customer_id" jdbcType="INTEGER" property="customerId" />
    <result column="customer_name" jdbcType="VARCHAR" property="customerName" />
    <result column="customer_sex" jdbcType="VARCHAR" property="customerSex" />
    <result column="customer_cardnumber" jdbcType="VARCHAR" property="customerCardnumber" />
    <result column="customer_age" jdbcType="INTEGER" property="customerAge" />
    <result column="customer_tele" jdbcType="INTEGER" property="customerTele" />
    <result column="customer_status" jdbcType="TINYINT" property="customerStatus" />
  </resultMap>
  <sql id="Example_Where_Clause">
    <!--
      WARNING - @mbg.generated
      This element is automatically generated by MyBatis Generator, do not modify.
      This element was generated on Wed Jul 08 17:01:55 CST 2020.
    -->
    <where>
      <foreach collection="oredCriteria" item="criteria" separator="or">
        <if test="criteria.valid">
          <trim prefix="(" prefixOverrides="and" suffix=")">
            <foreach collection="criteria.criteria" item="criterion">
              <choose>
                <when test="criterion.noValue">
                  and ${criterion.condition}
                </when>
                <when test="criterion.singleValue">
                  and ${criterion.condition} #{criterion.value}
                </when>
                <when test="criterion.betweenValue">
                  and ${criterion.condition} #{criterion.value} and #{criterion.secondValue}
                </when>
                <when test="criterion.listValue">
                  and ${criterion.condition}
                  <foreach close=")" collection="criterion.value" item="listItem" open="(" separator=",">
                    #{listItem}
                  </foreach>
                </when>
              </choose>
            </foreach>
          </trim>
        </if>
      </foreach>
    </where>
  </sql>
  <sql id="Update_By_Example_Where_Clause">
    <!--
      WARNING - @mbg.generated
      This element is automatically generated by MyBatis Generator, do not modify.
      This element was generated on Wed Jul 08 17:01:55 CST 2020.
    -->
    <where>
      <foreach collection="example.oredCriteria" item="criteria" separator="or">
        <if test="criteria.valid">
          <trim prefix="(" prefixOverrides="and" suffix=")">
            <foreach collection="criteria.criteria" item="criterion">
              <choose>
                <when test="criterion.noValue">
                  and ${criterion.condition}
                </when>
                <when test="criterion.singleValue">
                  and ${criterion.condition} #{criterion.value}
                </when>
                <when test="criterion.betweenValue">
                  and ${criterion.condition} #{criterion.value} and #{criterion.secondValue}
                </when>
                <when test="criterion.listValue">
                  and ${criterion.condition}
                  <foreach close=")" collection="criterion.value" item="listItem" open="(" separator=",">
                    #{listItem}
                  </foreach>
                </when>
              </choose>
            </foreach>
          </trim>
        </if>
      </foreach>
    </where>
  </sql>
  <sql id="Base_Column_List">
    <!--
      WARNING - @mbg.generated
      This element is automatically generated by MyBatis Generator, do not modify.
      This element was generated on Wed Jul 08 17:01:55 CST 2020.
    -->
    customer_id, customer_name, customer_sex, customer_cardnumber, customer_age, customer_tele, 
    customer_status
  </sql>
  <select id="selectByExample" parameterType="com.hotel.entity.CustomerExample" resultMap="BaseResultMap">
    <!--
      WARNING - @mbg.generated
      This element is automatically generated by MyBatis Generator, do not modify.
      This element was generated on Wed Jul 08 17:01:55 CST 2020.
    -->
    select
    <if test="distinct">
      distinct
    </if>
    'true' as QUERYID,
    <include refid="Base_Column_List" />
    from tab_customer
    <if test="_parameter != null">
      <include refid="Example_Where_Clause" />
    </if>
    <if test="orderByClause != null">
      order by ${orderByClause}
    </if>
  </select>
  <select id="selectByPrimaryKey" parameterType="java.lang.Integer" resultMap="BaseResultMap">
    <!--
      WARNING - @mbg.generated
      This element is automatically generated by MyBatis Generator, do not modify.
      This element was generated on Wed Jul 08 17:01:55 CST 2020.
    -->
    select 
    <include refid="Base_Column_List" />
    from tab_customer
    where customer_id = #{customerId,jdbcType=INTEGER}
  </select>
  <delete id="deleteByPrimaryKey" parameterType="java.lang.Integer">
    <!--
      WARNING - @mbg.generated
      This element is automatically generated by MyBatis Generator, do not modify.
      This element was generated on Wed Jul 08 17:01:55 CST 2020.
    -->
    delete from tab_customer
    where customer_id = #{customerId,jdbcType=INTEGER}
  </delete>
  <delete id="deleteByExample" parameterType="com.hotel.entity.CustomerExample">
    <!--
      WARNING - @mbg.generated
      This element is automatically generated by MyBatis Generator, do not modify.
      This element was generated on Wed Jul 08 17:01:55 CST 2020.
    -->
    delete from tab_customer
    <if test="_parameter != null">
      <include refid="Example_Where_Clause" />
    </if>
  </delete>
  <insert id="insert" parameterType="com.hotel.entity.Customer">
    <!--
      WARNING - @mbg.generated
      This element is automatically generated by MyBatis Generator, do not modify.
      This element was generated on Wed Jul 08 17:01:55 CST 2020.
    -->
    <selectKey keyProperty="customerId" order="AFTER" resultType="java.lang.Integer">
      SELECT LAST_INSERT_ID()
    </selectKey>
    insert into tab_customer (customer_name, customer_sex, customer_cardnumber, 
      customer_age, customer_tele, customer_status
      )
    values (#{customerName,jdbcType=VARCHAR}, #{customerSex,jdbcType=VARCHAR}, #{customerCardnumber,jdbcType=VARCHAR}, 
      #{customerAge,jdbcType=INTEGER}, #{customerTele,jdbcType=INTEGER}, #{customerStatus,jdbcType=TINYINT}
      )
  </insert>
  <insert id="insertSelective" parameterType="com.hotel.entity.Customer">
    <!--
      WARNING - @mbg.generated
      This element is automatically generated by MyBatis Generator, do not modify.
      This element was generated on Wed Jul 08 17:01:55 CST 2020.
    -->
    <selectKey keyProperty="customerId" order="AFTER" resultType="java.lang.Integer">
      SELECT LAST_INSERT_ID()
    </selectKey>
    insert into tab_customer
    <trim prefix="(" suffix=")" suffixOverrides=",">
      <if test="customerName != null">
        customer_name,
      </if>
      <if test="customerSex != null">
        customer_sex,
      </if>
      <if test="customerCardnumber != null">
        customer_cardnumber,
      </if>
      <if test="customerAge != null">
        customer_age,
      </if>
      <if test="customerTele != null">
        customer_tele,
      </if>
      <if test="customerStatus != null">
        customer_status,
      </if>
    </trim>
    <trim prefix="values (" suffix=")" suffixOverrides=",">
      <if test="customerName != null">
        #{customerName,jdbcType=VARCHAR},
      </if>
      <if test="customerSex != null">
        #{customerSex,jdbcType=VARCHAR},
      </if>
      <if test="customerCardnumber != null">
        #{customerCardnumber,jdbcType=VARCHAR},
      </if>
      <if test="customerAge != null">
        #{customerAge,jdbcType=INTEGER},
      </if>
      <if test="customerTele != null">
        #{customerTele,jdbcType=INTEGER},
      </if>
      <if test="customerStatus != null">
        #{customerStatus,jdbcType=TINYINT},
      </if>
    </trim>
  </insert>
  <select id="countByExample" parameterType="com.hotel.entity.CustomerExample" resultType="java.lang.Long">
    <!--
      WARNING - @mbg.generated
      This element is automatically generated by MyBatis Generator, do not modify.
      This element was generated on Wed Jul 08 17:01:55 CST 2020.
    -->
    select count(*) from tab_customer
    <if test="_parameter != null">
      <include refid="Example_Where_Clause" />
    </if>
  </select>
  <update id="updateByExampleSelective" parameterType="map">
    <!--
      WARNING - @mbg.generated
      This element is automatically generated by MyBatis Generator, do not modify.
      This element was generated on Wed Jul 08 17:01:55 CST 2020.
    -->
    update tab_customer
    <set>
      <if test="record.customerId != null">
        customer_id = #{record.customerId,jdbcType=INTEGER},
      </if>
      <if test="record.customerName != null">
        customer_name = #{record.customerName,jdbcType=VARCHAR},
      </if>
      <if test="record.customerSex != null">
        customer_sex = #{record.customerSex,jdbcType=VARCHAR},
      </if>
      <if test="record.customerCardnumber != null">
        customer_cardnumber = #{record.customerCardnumber,jdbcType=VARCHAR},
      </if>
      <if test="record.customerAge != null">
        customer_age = #{record.customerAge,jdbcType=INTEGER},
      </if>
      <if test="record.customerTele != null">
        customer_tele = #{record.customerTele,jdbcType=INTEGER},
      </if>
      <if test="record.customerStatus != null">
        customer_status = #{record.customerStatus,jdbcType=TINYINT},
      </if>
    </set>
    <if test="_parameter != null">
      <include refid="Update_By_Example_Where_Clause" />
    </if>
  </update>
  <update id="updateByExample" parameterType="map">
    <!--
      WARNING - @mbg.generated
      This element is automatically generated by MyBatis Generator, do not modify.
      This element was generated on Wed Jul 08 17:01:55 CST 2020.
    -->
    update tab_customer
    set customer_id = #{record.customerId,jdbcType=INTEGER},
      customer_name = #{record.customerName,jdbcType=VARCHAR},
      customer_sex = #{record.customerSex,jdbcType=VARCHAR},
      customer_cardnumber = #{record.customerCardnumber,jdbcType=VARCHAR},
      customer_age = #{record.customerAge,jdbcType=INTEGER},
      customer_tele = #{record.customerTele,jdbcType=INTEGER},
      customer_status = #{record.customerStatus,jdbcType=TINYINT}
    <if test="_parameter != null">
      <include refid="Update_By_Example_Where_Clause" />
    </if>
  </update>
  <update id="updateByPrimaryKeySelective" parameterType="com.hotel.entity.Customer">
    <!--
      WARNING - @mbg.generated
      This element is automatically generated by MyBatis Generator, do not modify.
      This element was generated on Wed Jul 08 17:01:55 CST 2020.
    -->
    update tab_customer
    <set>
      <if test="customerName != null">
        customer_name = #{customerName,jdbcType=VARCHAR},
      </if>
      <if test="customerSex != null">
        customer_sex = #{customerSex,jdbcType=VARCHAR},
      </if>
      <if test="customerCardnumber != null">
        customer_cardnumber = #{customerCardnumber,jdbcType=VARCHAR},
      </if>
      <if test="customerAge != null">
        customer_age = #{customerAge,jdbcType=INTEGER},
      </if>
      <if test="customerTele != null">
        customer_tele = #{customerTele,jdbcType=INTEGER},
      </if>
      <if test="customerStatus != null">
        customer_status = #{customerStatus,jdbcType=TINYINT},
      </if>
    </set>
    where customer_id = #{customerId,jdbcType=INTEGER}
  </update>
  <update id="updateByPrimaryKey" parameterType="com.hotel.entity.Customer">
    <!--
      WARNING - @mbg.generated
      This element is automatically generated by MyBatis Generator, do not modify.
      This element was generated on Wed Jul 08 17:01:55 CST 2020.
    -->
    update tab_customer
    set customer_name = #{customerName,jdbcType=VARCHAR},
      customer_sex = #{customerSex,jdbcType=VARCHAR},
      customer_cardnumber = #{customerCardnumber,jdbcType=VARCHAR},
      customer_age = #{customerAge,jdbcType=INTEGER},
      customer_tele = #{customerTele,jdbcType=INTEGER},
      customer_status = #{customerStatus,jdbcType=TINYINT}
    where customer_id = #{customerId,jdbcType=INTEGER}
  </update>
</mapper>