<?xml version="1.0" encoding="UTF-8"?>
<!DOCTYPE mapper PUBLIC "-//mybatis.org//DTD Mapper 3.0//EN" "http://mybatis.org/dtd/mybatis-3-mapper.dtd">
<mapper namespace="com.hotel.mapper.OrderMapper">
  <resultMap id="BaseResultMap" type="com.hotel.entity.Order">
    <!--
      WARNING - @mbg.generated
      This element is automatically generated by MyBatis Generator, do not modify.
      This element was generated on Wed Jul 08 17:23:00 CST 2020.
    -->
    <id column="order_id" jdbcType="INTEGER" property="orderId" />
    <result column="customer_id" jdbcType="INTEGER" property="customerId" />
    <result column="room_id" jdbcType="INTEGER" property="roomId" />
    <result column="reception_id" jdbcType="INTEGER" property="receptionId" />
    <result column="room_type" jdbcType="VARCHAR" property="roomType" />
    <result column="order_price" jdbcType="DOUBLE" property="orderPrice" />
    <result column="order_status" jdbcType="TINYINT" property="orderStatus" />
    <result column="order_credate" jdbcType="TIMESTAMP" property="orderCredate" />
    <result column="checkin_date" jdbcType="DATE" property="checkinDate" />
    <result column="checkout_date" jdbcType="DATE" property="checkoutDate" />
    <result column="customer_number" jdbcType="INTEGER" property="customerNumber" />
    <result column="customer_phone" jdbcType="INTEGER" property="customerPhone" />
  </resultMap>
  <sql id="Example_Where_Clause">
    <!--
      WARNING - @mbg.generated
      This element is automatically generated by MyBatis Generator, do not modify.
      This element was generated on Wed Jul 08 17:23:00 CST 2020.
    -->
    <where>
      <foreach collection="oredCriteria" item="criteria" separator="or">
        <if test="criteria.valid">
          <trim prefix="(" prefixOverrides="and" suffix=")">
            <foreach collection="criteria.criteria" item="criterion">
              <choose>
                <when test="criterion.noValue">
                  and ${criterion.condition}
                </when>
                <when test="criterion.singleValue">
                  and ${criterion.condition} #{criterion.value}
                </when>
                <when test="criterion.betweenValue">
                  and ${criterion.condition} #{criterion.value} and #{criterion.secondValue}
                </when>
                <when test="criterion.listValue">
                  and ${criterion.condition}
                  <foreach close=")" collection="criterion.value" item="listItem" open="(" separator=",">
                    #{listItem}
                  </foreach>
                </when>
              </choose>
            </foreach>
          </trim>
        </if>
      </foreach>
    </where>
  </sql>
  <sql id="Update_By_Example_Where_Clause">
    <!--
      WARNING - @mbg.generated
      This element is automatically generated by MyBatis Generator, do not modify.
      This element was generated on Wed Jul 08 17:23:00 CST 2020.
    -->
    <where>
      <foreach collection="example.oredCriteria" item="criteria" separator="or">
        <if test="criteria.valid">
          <trim prefix="(" prefixOverrides="and" suffix=")">
            <foreach collection="criteria.criteria" item="criterion">
              <choose>
                <when test="criterion.noValue">
                  and ${criterion.condition}
                </when>
                <when test="criterion.singleValue">
                  and ${criterion.condition} #{criterion.value}
                </when>
                <when test="criterion.betweenValue">
                  and ${criterion.condition} #{criterion.value} and #{criterion.secondValue}
                </when>
                <when test="criterion.listValue">
                  and ${criterion.condition}
                  <foreach close=")" collection="criterion.value" item="listItem" open="(" separator=",">
                    #{listItem}
                  </foreach>
                </when>
              </choose>
            </foreach>
          </trim>
        </if>
      </foreach>
    </where>
  </sql>
  <sql id="Base_Column_List">
    <!--
      WARNING - @mbg.generated
      This element is automatically generated by MyBatis Generator, do not modify.
      This element was generated on Wed Jul 08 17:23:00 CST 2020.
    -->
    order_id, customer_id, room_id, reception_id, room_type, order_price, order_status, 
    order_credate, checkin_date, checkout_date, customer_number, customer_phone
  </sql>
  <select id="selectByExample" parameterType="com.hotel.entity.OrderExample" resultMap="BaseResultMap">
    <!--
      WARNING - @mbg.generated
      This element is automatically generated by MyBatis Generator, do not modify.
      This element was generated on Wed Jul 08 17:23:00 CST 2020.
    -->
    select
    <if test="distinct">
      distinct
    </if>
    'true' as QUERYID,
    <include refid="Base_Column_List" />
    from tab_order
    <if test="_parameter != null">
      <include refid="Example_Where_Clause" />
    </if>
    <if test="orderByClause != null">
      order by ${orderByClause}
    </if>
  </select>
  <select id="selectByPrimaryKey" parameterType="java.lang.Integer" resultMap="BaseResultMap">
    <!--
      WARNING - @mbg.generated
      This element is automatically generated by MyBatis Generator, do not modify.
      This element was generated on Wed Jul 08 17:23:00 CST 2020.
    -->
    select 
    <include refid="Base_Column_List" />
    from tab_order
    where order_id = #{orderId,jdbcType=INTEGER}
  </select>
  <delete id="deleteByPrimaryKey" parameterType="java.lang.Integer">
    <!--
      WARNING - @mbg.generated
      This element is automatically generated by MyBatis Generator, do not modify.
      This element was generated on Wed Jul 08 17:23:00 CST 2020.
    -->
    delete from tab_order
    where order_id = #{orderId,jdbcType=INTEGER}
  </delete>
  <delete id="deleteByExample" parameterType="com.hotel.entity.OrderExample">
    <!--
      WARNING - @mbg.generated
      This element is automatically generated by MyBatis Generator, do not modify.
      This element was generated on Wed Jul 08 17:23:00 CST 2020.
    -->
    delete from tab_order
    <if test="_parameter != null">
      <include refid="Example_Where_Clause" />
    </if>
  </delete>
  <insert id="insert" parameterType="com.hotel.entity.Order">
    <!--
      WARNING - @mbg.generated
      This element is automatically generated by MyBatis Generator, do not modify.
      This element was generated on Wed Jul 08 17:23:00 CST 2020.
    -->
    <selectKey keyProperty="orderId" order="AFTER" resultType="java.lang.Integer">
      SELECT LAST_INSERT_ID()
    </selectKey>
    insert into tab_order (customer_id, room_id, reception_id, 
      room_type, order_price, order_status, 
      order_credate, checkin_date, checkout_date, 
      customer_number, customer_phone)
    values (#{customerId,jdbcType=INTEGER}, #{roomId,jdbcType=INTEGER}, #{receptionId,jdbcType=INTEGER}, 
      #{roomType,jdbcType=VARCHAR}, #{orderPrice,jdbcType=DOUBLE}, #{orderStatus,jdbcType=TINYINT}, 
      #{orderCredate,jdbcType=TIMESTAMP}, #{checkinDate,jdbcType=DATE}, #{checkoutDate,jdbcType=DATE}, 
      #{customerNumber,jdbcType=INTEGER}, #{customerPhone,jdbcType=INTEGER})
  </insert>
  <insert id="insertSelective" parameterType="com.hotel.entity.Order">
    <!--
      WARNING - @mbg.generated
      This element is automatically generated by MyBatis Generator, do not modify.
      This element was generated on Wed Jul 08 17:23:00 CST 2020.
    -->
    <selectKey keyProperty="orderId" order="AFTER" resultType="java.lang.Integer">
      SELECT LAST_INSERT_ID()
    </selectKey>
    insert into tab_order
    <trim prefix="(" suffix=")" suffixOverrides=",">
      <if test="customerId != null">
        customer_id,
      </if>
      <if test="roomId != null">
        room_id,
      </if>
      <if test="receptionId != null">
        reception_id,
      </if>
      <if test="roomType != null">
        room_type,
      </if>
      <if test="orderPrice != null">
        order_price,
      </if>
      <if test="orderStatus != null">
        order_status,
      </if>
      <if test="orderCredate != null">
        order_credate,
      </if>
      <if test="checkinDate != null">
        checkin_date,
      </if>
      <if test="checkoutDate != null">
        checkout_date,
      </if>
      <if test="customerNumber != null">
        customer_number,
      </if>
      <if test="customerPhone != null">
        customer_phone,
      </if>
    </trim>
    <trim prefix="values (" suffix=")" suffixOverrides=",">
      <if test="customerId != null">
        #{customerId,jdbcType=INTEGER},
      </if>
      <if test="roomId != null">
        #{roomId,jdbcType=INTEGER},
      </if>
      <if test="receptionId != null">
        #{receptionId,jdbcType=INTEGER},
      </if>
      <if test="roomType != null">
        #{roomType,jdbcType=VARCHAR},
      </if>
      <if test="orderPrice != null">
        #{orderPrice,jdbcType=DOUBLE},
      </if>
      <if test="orderStatus != null">
        #{orderStatus,jdbcType=TINYINT},
      </if>
      <if test="orderCredate != null">
        #{orderCredate,jdbcType=TIMESTAMP},
      </if>
      <if test="checkinDate != null">
        #{checkinDate,jdbcType=DATE},
      </if>
      <if test="checkoutDate != null">
        #{checkoutDate,jdbcType=DATE},
      </if>
      <if test="customerNumber != null">
        #{customerNumber,jdbcType=INTEGER},
      </if>
      <if test="customerPhone != null">
        #{customerPhone,jdbcType=INTEGER},
      </if>
    </trim>
  </insert>
  <select id="countByExample" parameterType="com.hotel.entity.OrderExample" resultType="java.lang.Long">
    <!--
      WARNING - @mbg.generated
      This element is automatically generated by MyBatis Generator, do not modify.
      This element was generated on Wed Jul 08 17:23:00 CST 2020.
    -->
    select count(*) from tab_order
    <if test="_parameter != null">
      <include refid="Example_Where_Clause" />
    </if>
  </select>
  <update id="updateByExampleSelective" parameterType="map">
    <!--
      WARNING - @mbg.generated
      This element is automatically generated by MyBatis Generator, do not modify.
      This element was generated on Wed Jul 08 17:23:00 CST 2020.
    -->
    update tab_order
    <set>
      <if test="record.orderId != null">
        order_id = #{record.orderId,jdbcType=INTEGER},
      </if>
      <if test="record.customerId != null">
        customer_id = #{record.customerId,jdbcType=INTEGER},
      </if>
      <if test="record.roomId != null">
        room_id = #{record.roomId,jdbcType=INTEGER},
      </if>
      <if test="record.receptionId != null">
        reception_id = #{record.receptionId,jdbcType=INTEGER},
      </if>
      <if test="record.roomType != null">
        room_type = #{record.roomType,jdbcType=VARCHAR},
      </if>
      <if test="record.orderPrice != null">
        order_price = #{record.orderPrice,jdbcType=DOUBLE},
      </if>
      <if test="record.orderStatus != null">
        order_status = #{record.orderStatus,jdbcType=TINYINT},
      </if>
      <if test="record.orderCredate != null">
        order_credate = #{record.orderCredate,jdbcType=TIMESTAMP},
      </if>
      <if test="record.checkinDate != null">
        checkin_date = #{record.checkinDate,jdbcType=DATE},
      </if>
      <if test="record.checkoutDate != null">
        checkout_date = #{record.checkoutDate,jdbcType=DATE},
      </if>
      <if test="record.customerNumber != null">
        customer_number = #{record.customerNumber,jdbcType=INTEGER},
      </if>
      <if test="record.customerPhone != null">
        customer_phone = #{record.customerPhone,jdbcType=INTEGER},
      </if>
    </set>
    <if test="_parameter != null">
      <include refid="Update_By_Example_Where_Clause" />
    </if>
  </update>
  <update id="updateByExample" parameterType="map">
    <!--
      WARNING - @mbg.generated
      This element is automatically generated by MyBatis Generator, do not modify.
      This element was generated on Wed Jul 08 17:23:00 CST 2020.
    -->
    update tab_order
    set order_id = #{record.orderId,jdbcType=INTEGER},
      customer_id = #{record.customerId,jdbcType=INTEGER},
      room_id = #{record.roomId,jdbcType=INTEGER},
      reception_id = #{record.receptionId,jdbcType=INTEGER},
      room_type = #{record.roomType,jdbcType=VARCHAR},
      order_price = #{record.orderPrice,jdbcType=DOUBLE},
      order_status = #{record.orderStatus,jdbcType=TINYINT},
      order_credate = #{record.orderCredate,jdbcType=TIMESTAMP},
      checkin_date = #{record.checkinDate,jdbcType=DATE},
      checkout_date = #{record.checkoutDate,jdbcType=DATE},
      customer_number = #{record.customerNumber,jdbcType=INTEGER},
      customer_phone = #{record.customerPhone,jdbcType=INTEGER}
    <if test="_parameter != null">
      <include refid="Update_By_Example_Where_Clause" />
    </if>
  </update>
  <update id="updateByPrimaryKeySelective" parameterType="com.hotel.entity.Order">
    <!--
      WARNING - @mbg.generated
      This element is automatically generated by MyBatis Generator, do not modify.
      This element was generated on Wed Jul 08 17:23:00 CST 2020.
    -->
    update tab_order
    <set>
      <if test="customerId != null">
        customer_id = #{customerId,jdbcType=INTEGER},
      </if>
      <if test="roomId != null">
        room_id = #{roomId,jdbcType=INTEGER},
      </if>
      <if test="receptionId != null">
        reception_id = #{receptionId,jdbcType=INTEGER},
      </if>
      <if test="roomType != null">
        room_type = #{roomType,jdbcType=VARCHAR},
      </if>
      <if test="orderPrice != null">
        order_price = #{orderPrice,jdbcType=DOUBLE},
      </if>
      <if test="orderStatus != null">
        order_status = #{orderStatus,jdbcType=TINYINT},
      </if>
      <if test="orderCredate != null">
        order_credate = #{orderCredate,jdbcType=TIMESTAMP},
      </if>
      <if test="checkinDate != null">
        checkin_date = #{checkinDate,jdbcType=DATE},
      </if>
      <if test="checkoutDate != null">
        checkout_date = #{checkoutDate,jdbcType=DATE},
      </if>
      <if test="customerNumber != null">
        customer_number = #{customerNumber,jdbcType=INTEGER},
      </if>
      <if test="customerPhone != null">
        customer_phone = #{customerPhone,jdbcType=INTEGER},
      </if>
    </set>
    where order_id = #{orderId,jdbcType=INTEGER}
  </update>
  <update id="updateByPrimaryKey" parameterType="com.hotel.entity.Order">
    <!--
      WARNING - @mbg.generated
      This element is automatically generated by MyBatis Generator, do not modify.
      This element was generated on Wed Jul 08 17:23:00 CST 2020.
    -->
    update tab_order
    set customer_id = #{customerId,jdbcType=INTEGER},
      room_id = #{roomId,jdbcType=INTEGER},
      reception_id = #{receptionId,jdbcType=INTEGER},
      room_type = #{roomType,jdbcType=VARCHAR},
      order_price = #{orderPrice,jdbcType=DOUBLE},
      order_status = #{orderStatus,jdbcType=TINYINT},
      order_credate = #{orderCredate,jdbcType=TIMESTAMP},
      checkin_date = #{checkinDate,jdbcType=DATE},
      checkout_date = #{checkoutDate,jdbcType=DATE},
      customer_number = #{customerNumber,jdbcType=INTEGER},
      customer_phone = #{customerPhone,jdbcType=INTEGER}
    where order_id = #{orderId,jdbcType=INTEGER}
  </update>
</mapper>