<?xml version="1.0" encoding="UTF-8"?>
<!DOCTYPE mapper PUBLIC "-//mybatis.org//DTD Mapper 3.0//EN" "http://mybatis.org/dtd/mybatis-3-mapper.dtd">
<mapper namespace="com.hotel.mapper.ReceptionMapper">
  <resultMap id="BaseResultMap" type="com.hotel.entity.Reception">
    <!--
      WARNING - @mbg.generated
      This element is automatically generated by MyBatis Generator, do not modify.
      This element was generated on Wed Jul 08 17:01:55 CST 2020.
    -->
    <id column="reception_id" jdbcType="INTEGER" property="receptionId" />
    <result column="stuff_id" jdbcType="INTEGER" property="stuffId" />
    <result column="reception_password" jdbcType="VARCHAR" property="receptionPassword" />
  </resultMap>
  <sql id="Example_Where_Clause">
    <!--
      WARNING - @mbg.generated
      This element is automatically generated by MyBatis Generator, do not modify.
      This element was generated on Wed Jul 08 17:01:55 CST 2020.
    -->
    <where>
      <foreach collection="oredCriteria" item="criteria" separator="or">
        <if test="criteria.valid">
          <trim prefix="(" prefixOverrides="and" suffix=")">
            <foreach collection="criteria.criteria" item="criterion">
              <choose>
                <when test="criterion.noValue">
                  and ${criterion.condition}
                </when>
                <when test="criterion.singleValue">
                  and ${criterion.condition} #{criterion.value}
                </when>
                <when test="criterion.betweenValue">
                  and ${criterion.condition} #{criterion.value} and #{criterion.secondValue}
                </when>
                <when test="criterion.listValue">
                  and ${criterion.condition}
                  <foreach close=")" collection="criterion.value" item="listItem" open="(" separator=",">
                    #{listItem}
                  </foreach>
                </when>
              </choose>
            </foreach>
          </trim>
        </if>
      </foreach>
    </where>
  </sql>
  <sql id="Update_By_Example_Where_Clause">
    <!--
      WARNING - @mbg.generated
      This element is automatically generated by MyBatis Generator, do not modify.
      This element was generated on Wed Jul 08 17:01:55 CST 2020.
    -->
    <where>
      <foreach collection="example.oredCriteria" item="criteria" separator="or">
        <if test="criteria.valid">
          <trim prefix="(" prefixOverrides="and" suffix=")">
            <foreach collection="criteria.criteria" item="criterion">
              <choose>
                <when test="criterion.noValue">
                  and ${criterion.condition}
                </when>
                <when test="criterion.singleValue">
                  and ${criterion.condition} #{criterion.value}
                </when>
                <when test="criterion.betweenValue">
                  and ${criterion.condition} #{criterion.value} and #{criterion.secondValue}
                </when>
                <when test="criterion.listValue">
                  and ${criterion.condition}
                  <foreach close=")" collection="criterion.value" item="listItem" open="(" separator=",">
                    #{listItem}
                  </foreach>
                </when>
              </choose>
            </foreach>
          </trim>
        </if>
      </foreach>
    </where>
  </sql>
  <sql id="Base_Column_List">
    <!--
      WARNING - @mbg.generated
      This element is automatically generated by MyBatis Generator, do not modify.
      This element was generated on Wed Jul 08 17:01:55 CST 2020.
    -->
    reception_id, stuff_id, reception_password
  </sql>
  <select id="selectByExample" parameterType="com.hotel.entity.ReceptionExample" resultMap="BaseResultMap">
    <!--
      WARNING - @mbg.generated
      This element is automatically generated by MyBatis Generator, do not modify.
      This element was generated on Wed Jul 08 17:01:55 CST 2020.
    -->
    select
    <if test="distinct">
      distinct
    </if>
    'true' as QUERYID,
    <include refid="Base_Column_List" />
    from tab_reception
    <if test="_parameter != null">
      <include refid="Example_Where_Clause" />
    </if>
    <if test="orderByClause != null">
      order by ${orderByClause}
    </if>
  </select>
  <select id="selectByPrimaryKey" parameterType="java.lang.Integer" resultMap="BaseResultMap">
    <!--
      WARNING - @mbg.generated
      This element is automatically generated by MyBatis Generator, do not modify.
      This element was generated on Wed Jul 08 17:01:55 CST 2020.
    -->
    select 
    <include refid="Base_Column_List" />
    from tab_reception
    where reception_id = #{receptionId,jdbcType=INTEGER}
  </select>
  <delete id="deleteByPrimaryKey" parameterType="java.lang.Integer">
    <!--
      WARNING - @mbg.generated
      This element is automatically generated by MyBatis Generator, do not modify.
      This element was generated on Wed Jul 08 17:01:55 CST 2020.
    -->
    delete from tab_reception
    where reception_id = #{receptionId,jdbcType=INTEGER}
  </delete>
  <delete id="deleteByExample" parameterType="com.hotel.entity.ReceptionExample">
    <!--
      WARNING - @mbg.generated
      This element is automatically generated by MyBatis Generator, do not modify.
      This element was generated on Wed Jul 08 17:01:55 CST 2020.
    -->
    delete from tab_reception
    <if test="_parameter != null">
      <include refid="Example_Where_Clause" />
    </if>
  </delete>
  <insert id="insert" parameterType="com.hotel.entity.Reception">
    <!--
      WARNING - @mbg.generated
      This element is automatically generated by MyBatis Generator, do not modify.
      This element was generated on Wed Jul 08 17:01:55 CST 2020.
    -->
    <selectKey keyProperty="receptionId" order="AFTER" resultType="java.lang.Integer">
      SELECT LAST_INSERT_ID()
    </selectKey>
    insert into tab_reception (stuff_id, reception_password)
    values (#{stuffId,jdbcType=INTEGER}, #{receptionPassword,jdbcType=VARCHAR})
  </insert>
  <insert id="insertSelective" parameterType="com.hotel.entity.Reception">
    <!--
      WARNING - @mbg.generated
      This element is automatically generated by MyBatis Generator, do not modify.
      This element was generated on Wed Jul 08 17:01:55 CST 2020.
    -->
    <selectKey keyProperty="receptionId" order="AFTER" resultType="java.lang.Integer">
      SELECT LAST_INSERT_ID()
    </selectKey>
    insert into tab_reception
    <trim prefix="(" suffix=")" suffixOverrides=",">
      <if test="stuffId != null">
        stuff_id,
      </if>
      <if test="receptionPassword != null">
        reception_password,
      </if>
    </trim>
    <trim prefix="values (" suffix=")" suffixOverrides=",">
      <if test="stuffId != null">
        #{stuffId,jdbcType=INTEGER},
      </if>
      <if test="receptionPassword != null">
        #{receptionPassword,jdbcType=VARCHAR},
      </if>
    </trim>
  </insert>
  <select id="countByExample" parameterType="com.hotel.entity.ReceptionExample" resultType="java.lang.Long">
    <!--
      WARNING - @mbg.generated
      This element is automatically generated by MyBatis Generator, do not modify.
      This element was generated on Wed Jul 08 17:01:55 CST 2020.
    -->
    select count(*) from tab_reception
    <if test="_parameter != null">
      <include refid="Example_Where_Clause" />
    </if>
  </select>
  <update id="updateByExampleSelective" parameterType="map">
    <!--
      WARNING - @mbg.generated
      This element is automatically generated by MyBatis Generator, do not modify.
      This element was generated on Wed Jul 08 17:01:55 CST 2020.
    -->
    update tab_reception
    <set>
      <if test="record.receptionId != null">
        reception_id = #{record.receptionId,jdbcType=INTEGER},
      </if>
      <if test="record.stuffId != null">
        stuff_id = #{record.stuffId,jdbcType=INTEGER},
      </if>
      <if test="record.receptionPassword != null">
        reception_password = #{record.receptionPassword,jdbcType=VARCHAR},
      </if>
    </set>
    <if test="_parameter != null">
      <include refid="Update_By_Example_Where_Clause" />
    </if>
  </update>
  <update id="updateByExample" parameterType="map">
    <!--
      WARNING - @mbg.generated
      This element is automatically generated by MyBatis Generator, do not modify.
      This element was generated on Wed Jul 08 17:01:55 CST 2020.
    -->
    update tab_reception
    set reception_id = #{record.receptionId,jdbcType=INTEGER},
      stuff_id = #{record.stuffId,jdbcType=INTEGER},
      reception_password = #{record.receptionPassword,jdbcType=VARCHAR}
    <if test="_parameter != null">
      <include refid="Update_By_Example_Where_Clause" />
    </if>
  </update>
  <update id="updateByPrimaryKeySelective" parameterType="com.hotel.entity.Reception">
    <!--
      WARNING - @mbg.generated
      This element is automatically generated by MyBatis Generator, do not modify.
      This element was generated on Wed Jul 08 17:01:55 CST 2020.
    -->
    update tab_reception
    <set>
      <if test="stuffId != null">
        stuff_id = #{stuffId,jdbcType=INTEGER},
      </if>
      <if test="receptionPassword != null">
        reception_password = #{receptionPassword,jdbcType=VARCHAR},
      </if>
    </set>
    where reception_id = #{receptionId,jdbcType=INTEGER}
  </update>
  <update id="updateByPrimaryKey" parameterType="com.hotel.entity.Reception">
    <!--
      WARNING - @mbg.generated
      This element is automatically generated by MyBatis Generator, do not modify.
      This element was generated on Wed Jul 08 17:01:55 CST 2020.
    -->
    update tab_reception
    set stuff_id = #{stuffId,jdbcType=INTEGER},
      reception_password = #{receptionPassword,jdbcType=VARCHAR}
    where reception_id = #{receptionId,jdbcType=INTEGER}
  </update>
</mapper>