<?xml version="1.0" encoding="UTF-8"?>
<!DOCTYPE mapper PUBLIC "-//mybatis.org//DTD Mapper 3.0//EN" "http://mybatis.org/dtd/mybatis-3-mapper.dtd">
<mapper namespace="com.hotel.mapper.RoomMapper">
  <resultMap id="BaseResultMap" type="com.hotel.entity.Room">
    <!--
      WARNING - @mbg.generated
      This element is automatically generated by MyBatis Generator, do not modify.
      This element was generated on Wed Jul 08 17:01:55 CST 2020.
    -->
    <id column="room_id" jdbcType="INTEGER" property="roomId" />
    <result column="room_type" jdbcType="VARCHAR" property="roomType" />
    <result column="room_number" jdbcType="INTEGER" property="roomNumber" />
    <result column="room_status" jdbcType="TINYINT" property="roomStatus" />
  </resultMap>
  <sql id="Example_Where_Clause">
    <!--
      WARNING - @mbg.generated
      This element is automatically generated by MyBatis Generator, do not modify.
      This element was generated on Wed Jul 08 17:01:55 CST 2020.
    -->
    <where>
      <foreach collection="oredCriteria" item="criteria" separator="or">
        <if test="criteria.valid">
          <trim prefix="(" prefixOverrides="and" suffix=")">
            <foreach collection="criteria.criteria" item="criterion">
              <choose>
                <when test="criterion.noValue">
                  and ${criterion.condition}
                </when>
                <when test="criterion.singleValue">
                  and ${criterion.condition} #{criterion.value}
                </when>
                <when test="criterion.betweenValue">
                  and ${criterion.condition} #{criterion.value} and #{criterion.secondValue}
                </when>
                <when test="criterion.listValue">
                  and ${criterion.condition}
                  <foreach close=")" collection="criterion.value" item="listItem" open="(" separator=",">
                    #{listItem}
                  </foreach>
                </when>
              </choose>
            </foreach>
          </trim>
        </if>
      </foreach>
    </where>
  </sql>
  <sql id="Update_By_Example_Where_Clause">
    <!--
      WARNING - @mbg.generated
      This element is automatically generated by MyBatis Generator, do not modify.
      This element was generated on Wed Jul 08 17:01:55 CST 2020.
    -->
    <where>
      <foreach collection="example.oredCriteria" item="criteria" separator="or">
        <if test="criteria.valid">
          <trim prefix="(" prefixOverrides="and" suffix=")">
            <foreach collection="criteria.criteria" item="criterion">
              <choose>
                <when test="criterion.noValue">
                  and ${criterion.condition}
                </when>
                <when test="criterion.singleValue">
                  and ${criterion.condition} #{criterion.value}
                </when>
                <when test="criterion.betweenValue">
                  and ${criterion.condition} #{criterion.value} and #{criterion.secondValue}
                </when>
                <when test="criterion.listValue">
                  and ${criterion.condition}
                  <foreach close=")" collection="criterion.value" item="listItem" open="(" separator=",">
                    #{listItem}
                  </foreach>
                </when>
              </choose>
            </foreach>
          </trim>
        </if>
      </foreach>
    </where>
  </sql>
  <sql id="Base_Column_List">
    <!--
      WARNING - @mbg.generated
      This element is automatically generated by MyBatis Generator, do not modify.
      This element was generated on Wed Jul 08 17:01:55 CST 2020.
    -->
    room_id, room_type, room_number, room_status
  </sql>
  <select id="selectByExample" parameterType="com.hotel.entity.RoomExample" resultMap="BaseResultMap">
    <!--
      WARNING - @mbg.generated
      This element is automatically generated by MyBatis Generator, do not modify.
      This element was generated on Wed Jul 08 17:01:55 CST 2020.
    -->
    select
    <if test="distinct">
      distinct
    </if>
    'true' as QUERYID,
    <include refid="Base_Column_List" />
    from tab_room
    <if test="_parameter != null">
      <include refid="Example_Where_Clause" />
    </if>
    <if test="orderByClause != null">
      order by ${orderByClause}
    </if>
  </select>
  <select id="selectByPrimaryKey" parameterType="java.lang.Integer" resultMap="BaseResultMap">
    <!--
      WARNING - @mbg.generated
      This element is automatically generated by MyBatis Generator, do not modify.
      This element was generated on Wed Jul 08 17:01:55 CST 2020.
    -->
    select 
    <include refid="Base_Column_List" />
    from tab_room
    where room_id = #{roomId,jdbcType=INTEGER}
  </select>
  <delete id="deleteByPrimaryKey" parameterType="java.lang.Integer">
    <!--
      WARNING - @mbg.generated
      This element is automatically generated by MyBatis Generator, do not modify.
      This element was generated on Wed Jul 08 17:01:55 CST 2020.
    -->
    delete from tab_room
    where room_id = #{roomId,jdbcType=INTEGER}
  </delete>
  <delete id="deleteByExample" parameterType="com.hotel.entity.RoomExample">
    <!--
      WARNING - @mbg.generated
      This element is automatically generated by MyBatis Generator, do not modify.
      This element was generated on Wed Jul 08 17:01:55 CST 2020.
    -->
    delete from tab_room
    <if test="_parameter != null">
      <include refid="Example_Where_Clause" />
    </if>
  </delete>
  <insert id="insert" parameterType="com.hotel.entity.Room">
    <!--
      WARNING - @mbg.generated
      This element is automatically generated by MyBatis Generator, do not modify.
      This element was generated on Wed Jul 08 17:01:55 CST 2020.
    -->
    <selectKey keyProperty="roomId" order="AFTER" resultType="java.lang.Integer">
      SELECT LAST_INSERT_ID()
    </selectKey>
    insert into tab_room (room_type, room_number, room_status
      )
    values (#{roomType,jdbcType=VARCHAR}, #{roomNumber,jdbcType=INTEGER}, #{roomStatus,jdbcType=TINYINT}
      )
  </insert>
  <insert id="insertSelective" parameterType="com.hotel.entity.Room">
    <!--
      WARNING - @mbg.generated
      This element is automatically generated by MyBatis Generator, do not modify.
      This element was generated on Wed Jul 08 17:01:55 CST 2020.
    -->
    <selectKey keyProperty="roomId" order="AFTER" resultType="java.lang.Integer">
      SELECT LAST_INSERT_ID()
    </selectKey>
    insert into tab_room
    <trim prefix="(" suffix=")" suffixOverrides=",">
      <if test="roomType != null">
        room_type,
      </if>
      <if test="roomNumber != null">
        room_number,
      </if>
      <if test="roomStatus != null">
        room_status,
      </if>
    </trim>
    <trim prefix="values (" suffix=")" suffixOverrides=",">
      <if test="roomType != null">
        #{roomType,jdbcType=VARCHAR},
      </if>
      <if test="roomNumber != null">
        #{roomNumber,jdbcType=INTEGER},
      </if>
      <if test="roomStatus != null">
        #{roomStatus,jdbcType=TINYINT},
      </if>
    </trim>
  </insert>
  <select id="countByExample" parameterType="com.hotel.entity.RoomExample" resultType="java.lang.Long">
    <!--
      WARNING - @mbg.generated
      This element is automatically generated by MyBatis Generator, do not modify.
      This element was generated on Wed Jul 08 17:01:55 CST 2020.
    -->
    select count(*) from tab_room
    <if test="_parameter != null">
      <include refid="Example_Where_Clause" />
    </if>
  </select>
  <update id="updateByExampleSelective" parameterType="map">
    <!--
      WARNING - @mbg.generated
      This element is automatically generated by MyBatis Generator, do not modify.
      This element was generated on Wed Jul 08 17:01:55 CST 2020.
    -->
    update tab_room
    <set>
      <if test="record.roomId != null">
        room_id = #{record.roomId,jdbcType=INTEGER},
      </if>
      <if test="record.roomType != null">
        room_type = #{record.roomType,jdbcType=VARCHAR},
      </if>
      <if test="record.roomNumber != null">
        room_number = #{record.roomNumber,jdbcType=INTEGER},
      </if>
      <if test="record.roomStatus != null">
        room_status = #{record.roomStatus,jdbcType=TINYINT},
      </if>
    </set>
    <if test="_parameter != null">
      <include refid="Update_By_Example_Where_Clause" />
    </if>
  </update>
  <update id="updateByExample" parameterType="map">
    <!--
      WARNING - @mbg.generated
      This element is automatically generated by MyBatis Generator, do not modify.
      This element was generated on Wed Jul 08 17:01:55 CST 2020.
    -->
    update tab_room
    set room_id = #{record.roomId,jdbcType=INTEGER},
      room_type = #{record.roomType,jdbcType=VARCHAR},
      room_number = #{record.roomNumber,jdbcType=INTEGER},
      room_status = #{record.roomStatus,jdbcType=TINYINT}
    <if test="_parameter != null">
      <include refid="Update_By_Example_Where_Clause" />
    </if>
  </update>
  <update id="updateByPrimaryKeySelective" parameterType="com.hotel.entity.Room">
    <!--
      WARNING - @mbg.generated
      This element is automatically generated by MyBatis Generator, do not modify.
      This element was generated on Wed Jul 08 17:01:55 CST 2020.
    -->
    update tab_room
    <set>
      <if test="roomType != null">
        room_type = #{roomType,jdbcType=VARCHAR},
      </if>
      <if test="roomNumber != null">
        room_number = #{roomNumber,jdbcType=INTEGER},
      </if>
      <if test="roomStatus != null">
        room_status = #{roomStatus,jdbcType=TINYINT},
      </if>
    </set>
    where room_id = #{roomId,jdbcType=INTEGER}
  </update>
  <update id="updateByPrimaryKey" parameterType="com.hotel.entity.Room">
    <!--
      WARNING - @mbg.generated
      This element is automatically generated by MyBatis Generator, do not modify.
      This element was generated on Wed Jul 08 17:01:55 CST 2020.
    -->
    update tab_room
    set room_type = #{roomType,jdbcType=VARCHAR},
      room_number = #{roomNumber,jdbcType=INTEGER},
      room_status = #{roomStatus,jdbcType=TINYINT}
    where room_id = #{roomId,jdbcType=INTEGER}
  </update>
</mapper>