<?xml version="1.0" encoding="UTF-8"?>
<!DOCTYPE mapper PUBLIC "-//mybatis.org//DTD Mapper 3.0//EN" "http://mybatis.org/dtd/mybatis-3-mapper.dtd">
<mapper namespace="com.hotel.mapper.StuffMapper">
  <resultMap id="BaseResultMap" type="com.hotel.entity.Stuff">
    <!--
      WARNING - @mbg.generated
      This element is automatically generated by MyBatis Generator, do not modify.
      This element was generated on Wed Jul 08 17:23:00 CST 2020.
    -->
    <id column="stuff_id" jdbcType="INTEGER" property="stuffId" />
    <result column="stuff_name" jdbcType="VARCHAR" property="stuffName" />
    <result column="stuff_age" jdbcType="INTEGER" property="stuffAge" />
    <result column="stuff_type" jdbcType="VARCHAR" property="stuffType" />
    <result column="stuff_tele" jdbcType="INTEGER" property="stuffTele" />
    <result column="stuff_cardnumber" jdbcType="VARCHAR" property="stuffCardnumber" />
    <result column="stuff_adress" jdbcType="VARCHAR" property="stuffAdress" />
    <result column="stuff_status" jdbcType="TINYINT" property="stuffStatus" />
  </resultMap>
  <sql id="Example_Where_Clause">
    <!--
      WARNING - @mbg.generated
      This element is automatically generated by MyBatis Generator, do not modify.
      This element was generated on Wed Jul 08 17:23:00 CST 2020.
    -->
    <where>
      <foreach collection="oredCriteria" item="criteria" separator="or">
        <if test="criteria.valid">
          <trim prefix="(" prefixOverrides="and" suffix=")">
            <foreach collection="criteria.criteria" item="criterion">
              <choose>
                <when test="criterion.noValue">
                  and ${criterion.condition}
                </when>
                <when test="criterion.singleValue">
                  and ${criterion.condition} #{criterion.value}
                </when>
                <when test="criterion.betweenValue">
                  and ${criterion.condition} #{criterion.value} and #{criterion.secondValue}
                </when>
                <when test="criterion.listValue">
                  and ${criterion.condition}
                  <foreach close=")" collection="criterion.value" item="listItem" open="(" separator=",">
                    #{listItem}
                  </foreach>
                </when>
              </choose>
            </foreach>
          </trim>
        </if>
      </foreach>
    </where>
  </sql>
  <sql id="Update_By_Example_Where_Clause">
    <!--
      WARNING - @mbg.generated
      This element is automatically generated by MyBatis Generator, do not modify.
      This element was generated on Wed Jul 08 17:23:00 CST 2020.
    -->
    <where>
      <foreach collection="example.oredCriteria" item="criteria" separator="or">
        <if test="criteria.valid">
          <trim prefix="(" prefixOverrides="and" suffix=")">
            <foreach collection="criteria.criteria" item="criterion">
              <choose>
                <when test="criterion.noValue">
                  and ${criterion.condition}
                </when>
                <when test="criterion.singleValue">
                  and ${criterion.condition} #{criterion.value}
                </when>
                <when test="criterion.betweenValue">
                  and ${criterion.condition} #{criterion.value} and #{criterion.secondValue}
                </when>
                <when test="criterion.listValue">
                  and ${criterion.condition}
                  <foreach close=")" collection="criterion.value" item="listItem" open="(" separator=",">
                    #{listItem}
                  </foreach>
                </when>
              </choose>
            </foreach>
          </trim>
        </if>
      </foreach>
    </where>
  </sql>
  <sql id="Base_Column_List">
    <!--
      WARNING - @mbg.generated
      This element is automatically generated by MyBatis Generator, do not modify.
      This element was generated on Wed Jul 08 17:23:00 CST 2020.
    -->
    stuff_id, stuff_name, stuff_age, stuff_type, stuff_tele, stuff_cardnumber, stuff_adress, 
    stuff_status
  </sql>
  <select id="selectByExample" parameterType="com.hotel.entity.StuffExample" resultMap="BaseResultMap">
    <!--
      WARNING - @mbg.generated
      This element is automatically generated by MyBatis Generator, do not modify.
      This element was generated on Wed Jul 08 17:23:00 CST 2020.
    -->
    select
    <if test="distinct">
      distinct
    </if>
    'true' as QUERYID,
    <include refid="Base_Column_List" />
    from tab_stuff
    <if test="_parameter != null">
      <include refid="Example_Where_Clause" />
    </if>
    <if test="orderByClause != null">
      order by ${orderByClause}
    </if>
  </select>
  <select id="selectByPrimaryKey" parameterType="java.lang.Integer" resultMap="BaseResultMap">
    <!--
      WARNING - @mbg.generated
      This element is automatically generated by MyBatis Generator, do not modify.
      This element was generated on Wed Jul 08 17:23:00 CST 2020.
    -->
    select 
    <include refid="Base_Column_List" />
    from tab_stuff
    where stuff_id = #{stuffId,jdbcType=INTEGER}
  </select>
  <delete id="deleteByPrimaryKey" parameterType="java.lang.Integer">
    <!--
      WARNING - @mbg.generated
      This element is automatically generated by MyBatis Generator, do not modify.
      This element was generated on Wed Jul 08 17:23:00 CST 2020.
    -->
    delete from tab_stuff
    where stuff_id = #{stuffId,jdbcType=INTEGER}
  </delete>
  <delete id="deleteByExample" parameterType="com.hotel.entity.StuffExample">
    <!--
      WARNING - @mbg.generated
      This element is automatically generated by MyBatis Generator, do not modify.
      This element was generated on Wed Jul 08 17:23:00 CST 2020.
    -->
    delete from tab_stuff
    <if test="_parameter != null">
      <include refid="Example_Where_Clause" />
    </if>
  </delete>
  <insert id="insert" parameterType="com.hotel.entity.Stuff">
    <!--
      WARNING - @mbg.generated
      This element is automatically generated by MyBatis Generator, do not modify.
      This element was generated on Wed Jul 08 17:23:00 CST 2020.
    -->
    <selectKey keyProperty="stuffId" order="AFTER" resultType="java.lang.Integer">
      SELECT LAST_INSERT_ID()
    </selectKey>
    insert into tab_stuff (stuff_name, stuff_age, stuff_type, 
      stuff_tele, stuff_cardnumber, stuff_adress, 
      stuff_status)
    values (#{stuffName,jdbcType=VARCHAR}, #{stuffAge,jdbcType=INTEGER}, #{stuffType,jdbcType=VARCHAR}, 
      #{stuffTele,jdbcType=INTEGER}, #{stuffCardnumber,jdbcType=VARCHAR}, #{stuffAdress,jdbcType=VARCHAR}, 
      #{stuffStatus,jdbcType=TINYINT})
  </insert>
  <insert id="insertSelective" parameterType="com.hotel.entity.Stuff">
    <!--
      WARNING - @mbg.generated
      This element is automatically generated by MyBatis Generator, do not modify.
      This element was generated on Wed Jul 08 17:23:00 CST 2020.
    -->
    <selectKey keyProperty="stuffId" order="AFTER" resultType="java.lang.Integer">
      SELECT LAST_INSERT_ID()
    </selectKey>
    insert into tab_stuff
    <trim prefix="(" suffix=")" suffixOverrides=",">
      <if test="stuffName != null">
        stuff_name,
      </if>
      <if test="stuffAge != null">
        stuff_age,
      </if>
      <if test="stuffType != null">
        stuff_type,
      </if>
      <if test="stuffTele != null">
        stuff_tele,
      </if>
      <if test="stuffCardnumber != null">
        stuff_cardnumber,
      </if>
      <if test="stuffAdress != null">
        stuff_adress,
      </if>
      <if test="stuffStatus != null">
        stuff_status,
      </if>
    </trim>
    <trim prefix="values (" suffix=")" suffixOverrides=",">
      <if test="stuffName != null">
        #{stuffName,jdbcType=VARCHAR},
      </if>
      <if test="stuffAge != null">
        #{stuffAge,jdbcType=INTEGER},
      </if>
      <if test="stuffType != null">
        #{stuffType,jdbcType=VARCHAR},
      </if>
      <if test="stuffTele != null">
        #{stuffTele,jdbcType=INTEGER},
      </if>
      <if test="stuffCardnumber != null">
        #{stuffCardnumber,jdbcType=VARCHAR},
      </if>
      <if test="stuffAdress != null">
        #{stuffAdress,jdbcType=VARCHAR},
      </if>
      <if test="stuffStatus != null">
        #{stuffStatus,jdbcType=TINYINT},
      </if>
    </trim>
  </insert>
  <select id="countByExample" parameterType="com.hotel.entity.StuffExample" resultType="java.lang.Long">
    <!--
      WARNING - @mbg.generated
      This element is automatically generated by MyBatis Generator, do not modify.
      This element was generated on Wed Jul 08 17:23:00 CST 2020.
    -->
    select count(*) from tab_stuff
    <if test="_parameter != null">
      <include refid="Example_Where_Clause" />
    </if>
  </select>
  <update id="updateByExampleSelective" parameterType="map">
    <!--
      WARNING - @mbg.generated
      This element is automatically generated by MyBatis Generator, do not modify.
      This element was generated on Wed Jul 08 17:23:00 CST 2020.
    -->
    update tab_stuff
    <set>
      <if test="record.stuffId != null">
        stuff_id = #{record.stuffId,jdbcType=INTEGER},
      </if>
      <if test="record.stuffName != null">
        stuff_name = #{record.stuffName,jdbcType=VARCHAR},
      </if>
      <if test="record.stuffAge != null">
        stuff_age = #{record.stuffAge,jdbcType=INTEGER},
      </if>
      <if test="record.stuffType != null">
        stuff_type = #{record.stuffType,jdbcType=VARCHAR},
      </if>
      <if test="record.stuffTele != null">
        stuff_tele = #{record.stuffTele,jdbcType=INTEGER},
      </if>
      <if test="record.stuffCardnumber != null">
        stuff_cardnumber = #{record.stuffCardnumber,jdbcType=VARCHAR},
      </if>
      <if test="record.stuffAdress != null">
        stuff_adress = #{record.stuffAdress,jdbcType=VARCHAR},
      </if>
      <if test="record.stuffStatus != null">
        stuff_status = #{record.stuffStatus,jdbcType=TINYINT},
      </if>
    </set>
    <if test="_parameter != null">
      <include refid="Update_By_Example_Where_Clause" />
    </if>
  </update>
  <update id="updateByExample" parameterType="map">
    <!--
      WARNING - @mbg.generated
      This element is automatically generated by MyBatis Generator, do not modify.
      This element was generated on Wed Jul 08 17:23:00 CST 2020.
    -->
    update tab_stuff
    set stuff_id = #{record.stuffId,jdbcType=INTEGER},
      stuff_name = #{record.stuffName,jdbcType=VARCHAR},
      stuff_age = #{record.stuffAge,jdbcType=INTEGER},
      stuff_type = #{record.stuffType,jdbcType=VARCHAR},
      stuff_tele = #{record.stuffTele,jdbcType=INTEGER},
      stuff_cardnumber = #{record.stuffCardnumber,jdbcType=VARCHAR},
      stuff_adress = #{record.stuffAdress,jdbcType=VARCHAR},
      stuff_status = #{record.stuffStatus,jdbcType=TINYINT}
    <if test="_parameter != null">
      <include refid="Update_By_Example_Where_Clause" />
    </if>
  </update>
  <update id="updateByPrimaryKeySelective" parameterType="com.hotel.entity.Stuff">
    <!--
      WARNING - @mbg.generated
      This element is automatically generated by MyBatis Generator, do not modify.
      This element was generated on Wed Jul 08 17:23:00 CST 2020.
    -->
    update tab_stuff
    <set>
      <if test="stuffName != null">
        stuff_name = #{stuffName,jdbcType=VARCHAR},
      </if>
      <if test="stuffAge != null">
        stuff_age = #{stuffAge,jdbcType=INTEGER},
      </if>
      <if test="stuffType != null">
        stuff_type = #{stuffType,jdbcType=VARCHAR},
      </if>
      <if test="stuffTele != null">
        stuff_tele = #{stuffTele,jdbcType=INTEGER},
      </if>
      <if test="stuffCardnumber != null">
        stuff_cardnumber = #{stuffCardnumber,jdbcType=VARCHAR},
      </if>
      <if test="stuffAdress != null">
        stuff_adress = #{stuffAdress,jdbcType=VARCHAR},
      </if>
      <if test="stuffStatus != null">
        stuff_status = #{stuffStatus,jdbcType=TINYINT},
      </if>
    </set>
    where stuff_id = #{stuffId,jdbcType=INTEGER}
  </update>
  <update id="updateByPrimaryKey" parameterType="com.hotel.entity.Stuff">
    <!--
      WARNING - @mbg.generated
      This element is automatically generated by MyBatis Generator, do not modify.
      This element was generated on Wed Jul 08 17:23:00 CST 2020.
    -->
    update tab_stuff
    set stuff_name = #{stuffName,jdbcType=VARCHAR},
      stuff_age = #{stuffAge,jdbcType=INTEGER},
      stuff_type = #{stuffType,jdbcType=VARCHAR},
      stuff_tele = #{stuffTele,jdbcType=INTEGER},
      stuff_cardnumber = #{stuffCardnumber,jdbcType=VARCHAR},
      stuff_adress = #{stuffAdress,jdbcType=VARCHAR},
      stuff_status = #{stuffStatus,jdbcType=TINYINT}
    where stuff_id = #{stuffId,jdbcType=INTEGER}
  </update>
</mapper>