<?xml version="1.0" encoding="UTF-8"?>
<!DOCTYPE mapper PUBLIC "-//mybatis.org//DTD Mapper 3.0//EN" "http://mybatis.org/dtd/mybatis-3-mapper.dtd">
<mapper namespace="com.hotel.mapper.TypeMapper">
  <resultMap id="BaseResultMap" type="com.hotel.entity.Type">
    <!--
      WARNING - @mbg.generated
      This element is automatically generated by MyBatis Generator, do not modify.
      This element was generated on Wed Jul 08 17:01:55 CST 2020.
    -->
    <id column="type_id" jdbcType="INTEGER" property="typeId" />
    <result column="type_name" jdbcType="VARCHAR" property="typeName" />
    <result column="type_desc" jdbcType="VARCHAR" property="typeDesc" />
    <result column="type_price" jdbcType="DOUBLE" property="typePrice" />
    <result column="aval_number" jdbcType="INTEGER" property="avalNumber" />
    <result column="type_number" jdbcType="INTEGER" property="typeNumber" />
    <result column="type_status" jdbcType="TINYINT" property="typeStatus" />
  </resultMap>
  <sql id="Example_Where_Clause">
    <!--
      WARNING - @mbg.generated
      This element is automatically generated by MyBatis Generator, do not modify.
      This element was generated on Wed Jul 08 17:01:55 CST 2020.
    -->
    <where>
      <foreach collection="oredCriteria" item="criteria" separator="or">
        <if test="criteria.valid">
          <trim prefix="(" prefixOverrides="and" suffix=")">
            <foreach collection="criteria.criteria" item="criterion">
              <choose>
                <when test="criterion.noValue">
                  and ${criterion.condition}
                </when>
                <when test="criterion.singleValue">
                  and ${criterion.condition} #{criterion.value}
                </when>
                <when test="criterion.betweenValue">
                  and ${criterion.condition} #{criterion.value} and #{criterion.secondValue}
                </when>
                <when test="criterion.listValue">
                  and ${criterion.condition}
                  <foreach close=")" collection="criterion.value" item="listItem" open="(" separator=",">
                    #{listItem}
                  </foreach>
                </when>
              </choose>
            </foreach>
          </trim>
        </if>
      </foreach>
    </where>
  </sql>
  <sql id="Update_By_Example_Where_Clause">
    <!--
      WARNING - @mbg.generated
      This element is automatically generated by MyBatis Generator, do not modify.
      This element was generated on Wed Jul 08 17:01:55 CST 2020.
    -->
    <where>
      <foreach collection="example.oredCriteria" item="criteria" separator="or">
        <if test="criteria.valid">
          <trim prefix="(" prefixOverrides="and" suffix=")">
            <foreach collection="criteria.criteria" item="criterion">
              <choose>
                <when test="criterion.noValue">
                  and ${criterion.condition}
                </when>
                <when test="criterion.singleValue">
                  and ${criterion.condition} #{criterion.value}
                </when>
                <when test="criterion.betweenValue">
                  and ${criterion.condition} #{criterion.value} and #{criterion.secondValue}
                </when>
                <when test="criterion.listValue">
                  and ${criterion.condition}
                  <foreach close=")" collection="criterion.value" item="listItem" open="(" separator=",">
                    #{listItem}
                  </foreach>
                </when>
              </choose>
            </foreach>
          </trim>
        </if>
      </foreach>
    </where>
  </sql>
  <sql id="Base_Column_List">
    <!--
      WARNING - @mbg.generated
      This element is automatically generated by MyBatis Generator, do not modify.
      This element was generated on Wed Jul 08 17:01:55 CST 2020.
    -->
    type_id, type_name, type_desc, type_price, aval_number, type_number, type_status
  </sql>
  <select id="selectByExample" parameterType="com.hotel.entity.TypeExample" resultMap="BaseResultMap">
    <!--
      WARNING - @mbg.generated
      This element is automatically generated by MyBatis Generator, do not modify.
      This element was generated on Wed Jul 08 17:01:55 CST 2020.
    -->
    select
    <if test="distinct">
      distinct
    </if>
    'true' as QUERYID,
    <include refid="Base_Column_List" />
    from tab_type
    <if test="_parameter != null">
      <include refid="Example_Where_Clause" />
    </if>
    <if test="orderByClause != null">
      order by ${orderByClause}
    </if>
  </select>
  <select id="selectByPrimaryKey" parameterType="java.lang.Integer" resultMap="BaseResultMap">
    <!--
      WARNING - @mbg.generated
      This element is automatically generated by MyBatis Generator, do not modify.
      This element was generated on Wed Jul 08 17:01:55 CST 2020.
    -->
    select 
    <include refid="Base_Column_List" />
    from tab_type
    where type_id = #{typeId,jdbcType=INTEGER}
  </select>
  <delete id="deleteByPrimaryKey" parameterType="java.lang.Integer">
    <!--
      WARNING - @mbg.generated
      This element is automatically generated by MyBatis Generator, do not modify.
      This element was generated on Wed Jul 08 17:01:55 CST 2020.
    -->
    delete from tab_type
    where type_id = #{typeId,jdbcType=INTEGER}
  </delete>
  <delete id="deleteByExample" parameterType="com.hotel.entity.TypeExample">
    <!--
      WARNING - @mbg.generated
      This element is automatically generated by MyBatis Generator, do not modify.
      This element was generated on Wed Jul 08 17:01:55 CST 2020.
    -->
    delete from tab_type
    <if test="_parameter != null">
      <include refid="Example_Where_Clause" />
    </if>
  </delete>
  <insert id="insert" parameterType="com.hotel.entity.Type">
    <!--
      WARNING - @mbg.generated
      This element is automatically generated by MyBatis Generator, do not modify.
      This element was generated on Wed Jul 08 17:01:55 CST 2020.
    -->
    <selectKey keyProperty="typeId" order="AFTER" resultType="java.lang.Integer">
      SELECT LAST_INSERT_ID()
    </selectKey>
    insert into tab_type (type_name, type_desc, type_price, 
      aval_number, type_number, type_status
      )
    values (#{typeName,jdbcType=VARCHAR}, #{typeDesc,jdbcType=VARCHAR}, #{typePrice,jdbcType=DOUBLE}, 
      #{avalNumber,jdbcType=INTEGER}, #{typeNumber,jdbcType=INTEGER}, #{typeStatus,jdbcType=TINYINT}
      )
  </insert>
  <insert id="insertSelective" parameterType="com.hotel.entity.Type">
    <!--
      WARNING - @mbg.generated
      This element is automatically generated by MyBatis Generator, do not modify.
      This element was generated on Wed Jul 08 17:01:55 CST 2020.
    -->
    <selectKey keyProperty="typeId" order="AFTER" resultType="java.lang.Integer">
      SELECT LAST_INSERT_ID()
    </selectKey>
    insert into tab_type
    <trim prefix="(" suffix=")" suffixOverrides=",">
      <if test="typeName != null">
        type_name,
      </if>
      <if test="typeDesc != null">
        type_desc,
      </if>
      <if test="typePrice != null">
        type_price,
      </if>
      <if test="avalNumber != null">
        aval_number,
      </if>
      <if test="typeNumber != null">
        type_number,
      </if>
      <if test="typeStatus != null">
        type_status,
      </if>
    </trim>
    <trim prefix="values (" suffix=")" suffixOverrides=",">
      <if test="typeName != null">
        #{typeName,jdbcType=VARCHAR},
      </if>
      <if test="typeDesc != null">
        #{typeDesc,jdbcType=VARCHAR},
      </if>
      <if test="typePrice != null">
        #{typePrice,jdbcType=DOUBLE},
      </if>
      <if test="avalNumber != null">
        #{avalNumber,jdbcType=INTEGER},
      </if>
      <if test="typeNumber != null">
        #{typeNumber,jdbcType=INTEGER},
      </if>
      <if test="typeStatus != null">
        #{typeStatus,jdbcType=TINYINT},
      </if>
    </trim>
  </insert>
  <select id="countByExample" parameterType="com.hotel.entity.TypeExample" resultType="java.lang.Long">
    <!--
      WARNING - @mbg.generated
      This element is automatically generated by MyBatis Generator, do not modify.
      This element was generated on Wed Jul 08 17:01:55 CST 2020.
    -->
    select count(*) from tab_type
    <if test="_parameter != null">
      <include refid="Example_Where_Clause" />
    </if>
  </select>
  <update id="updateByExampleSelective" parameterType="map">
    <!--
      WARNING - @mbg.generated
      This element is automatically generated by MyBatis Generator, do not modify.
      This element was generated on Wed Jul 08 17:01:55 CST 2020.
    -->
    update tab_type
    <set>
      <if test="record.typeId != null">
        type_id = #{record.typeId,jdbcType=INTEGER},
      </if>
      <if test="record.typeName != null">
        type_name = #{record.typeName,jdbcType=VARCHAR},
      </if>
      <if test="record.typeDesc != null">
        type_desc = #{record.typeDesc,jdbcType=VARCHAR},
      </if>
      <if test="record.typePrice != null">
        type_price = #{record.typePrice,jdbcType=DOUBLE},
      </if>
      <if test="record.avalNumber != null">
        aval_number = #{record.avalNumber,jdbcType=INTEGER},
      </if>
      <if test="record.typeNumber != null">
        type_number = #{record.typeNumber,jdbcType=INTEGER},
      </if>
      <if test="record.typeStatus != null">
        type_status = #{record.typeStatus,jdbcType=TINYINT},
      </if>
    </set>
    <if test="_parameter != null">
      <include refid="Update_By_Example_Where_Clause" />
    </if>
  </update>
  <update id="updateByExample" parameterType="map">
    <!--
      WARNING - @mbg.generated
      This element is automatically generated by MyBatis Generator, do not modify.
      This element was generated on Wed Jul 08 17:01:55 CST 2020.
    -->
    update tab_type
    set type_id = #{record.typeId,jdbcType=INTEGER},
      type_name = #{record.typeName,jdbcType=VARCHAR},
      type_desc = #{record.typeDesc,jdbcType=VARCHAR},
      type_price = #{record.typePrice,jdbcType=DOUBLE},
      aval_number = #{record.avalNumber,jdbcType=INTEGER},
      type_number = #{record.typeNumber,jdbcType=INTEGER},
      type_status = #{record.typeStatus,jdbcType=TINYINT}
    <if test="_parameter != null">
      <include refid="Update_By_Example_Where_Clause" />
    </if>
  </update>
  <update id="updateByPrimaryKeySelective" parameterType="com.hotel.entity.Type">
    <!--
      WARNING - @mbg.generated
      This element is automatically generated by MyBatis Generator, do not modify.
      This element was generated on Wed Jul 08 17:01:55 CST 2020.
    -->
    update tab_type
    <set>
      <if test="typeName != null">
        type_name = #{typeName,jdbcType=VARCHAR},
      </if>
      <if test="typeDesc != null">
        type_desc = #{typeDesc,jdbcType=VARCHAR},
      </if>
      <if test="typePrice != null">
        type_price = #{typePrice,jdbcType=DOUBLE},
      </if>
      <if test="avalNumber != null">
        aval_number = #{avalNumber,jdbcType=INTEGER},
      </if>
      <if test="typeNumber != null">
        type_number = #{typeNumber,jdbcType=INTEGER},
      </if>
      <if test="typeStatus != null">
        type_status = #{typeStatus,jdbcType=TINYINT},
      </if>
    </set>
    where type_id = #{typeId,jdbcType=INTEGER}
  </update>
  <update id="updateByPrimaryKey" parameterType="com.hotel.entity.Type">
    <!--
      WARNING - @mbg.generated
      This element is automatically generated by MyBatis Generator, do not modify.
      This element was generated on Wed Jul 08 17:01:55 CST 2020.
    -->
    update tab_type
    set type_name = #{typeName,jdbcType=VARCHAR},
      type_desc = #{typeDesc,jdbcType=VARCHAR},
      type_price = #{typePrice,jdbcType=DOUBLE},
      aval_number = #{avalNumber,jdbcType=INTEGER},
      type_number = #{typeNumber,jdbcType=INTEGER},
      type_status = #{typeStatus,jdbcType=TINYINT}
    where type_id = #{typeId,jdbcType=INTEGER}
  </update>
</mapper>